{
  "Workflows": [
    {
      "Path": null,
      "SortBy": 0,
      "VariablesSectionElementsOrder": [],
      "ArgumentsSectionElementsOrder": null,
      "ConstantsSectionElementsOrder": [],
      "AddedNamespaces": null
    },
    {
      "Path": "Main.xaml",
      "SortBy": 0,
      "VariablesSectionElementsOrder": [
        "dt_data&Sequence_4",
        "excelpath&Sequence_4",
        "index&Sequence_4",
        "Response&Sequence_5",
        "JsonObject&Sequence_5",
        "Feedback&Sequence_5",
        "sentiment&Sequence_5",
        "confidence&Sequence_5",
        "dt_data&Sequence_2",
        "excelpath&Sequence_2",
        "index&Sequence_2",
        "Response&Sequence_3",
        "JsonObject&Sequence_3",
        "Feedback&Sequence_3",
        "sentiment&Sequence_3",
        "confidence&Sequence_3"
      ],
      "ArgumentsSectionElementsOrder": [],
      "ConstantsSectionElementsOrder": [],
      "AddedNamespaces": null
    },
    {
      "Path": "scarepthedata.xaml",
      "SortBy": 0,
      "VariablesSectionElementsOrder": [
        "ExtractDataTable&Sequence_1"
      ],
      "ArgumentsSectionElementsOrder": [],
      "ConstantsSectionElementsOrder": [],
      "AddedNamespaces": null
    },
    {
      "Path": "GetSentiments.xaml",
      "SortBy": 0,
      "VariablesSectionElementsOrder": [],
      "ArgumentsSectionElementsOrder": [],
      "ConstantsSectionElementsOrder": [],
      "AddedNamespaces": null
    }
  ]
}